to grant access to sth.;Zugang zu etw. gewähren
ever changing;sich ständig ändernd
credentials;Zugangsdaten
fittnes tracker;Fittnes-Tracker
personal data;persönliche Daten
to have a second thought;ein zweites mal überlegen
associated;damit verbunden, zugehörig
location data;Ortungsdaten
the essence of ;die Essenz von, der Kern, das wichtigste von
willing to;zu etwas bereit sein
permissions;Berechtigungen, Erlaubnisse
ultimately;schlussendlich, am Ende, letzt endlich
enthusiasm;Begeisterung
wrist;Handgelenk
GP, general practitioner;Allgemeinarzt, Hausarzt
to compete;konkurrieren
tendon;Sehne
to vary;sich unterscheiden, variieren